,R,L,cost
0,0.08,0.2,171936.8012771034
1,0.08,0.22,172423.5745283054
2,0.08,0.24,173001.129475588
3,0.08,0.26,173659.51413584215
4,0.08,0.28,174397.21797969576
5,0.08,0.3,175208.85086093243
6,0.08,0.32,176088.3524541738
7,0.08,0.34,177030.9428439606
8,0.08,0.37,178576.50205937115
9,0.08,0.39,179701.11022184038
10,0.08,0.41,180878.2891880806
11,0.08,0.43,182094.5319248185
12,0.08,0.45,183666.57413036094
13,0.08,0.47,186275.97080860115
14,0.08,0.49,190025.52351897597
15,0.08,0.51,194895.7579227679
16,0.08,0.53,200665.76036586548
17,0.08,0.55,206702.3175422286
18,0.08,0.57,212721.60044445185
19,0.08,0.59,218959.90926102738
20,0.08,0.61,226051.40703836072
21,0.08,0.63,234646.82423389345
22,0.08,0.66,250750.81468931775
23,0.08,0.68,263645.4940552381
24,0.08,0.7,277646.73142162996
25,0.08,0.72,291892.4071608106
26,0.08,0.74,305365.43317565846
27,0.08,0.76,316257.8977818504
28,0.08,0.78,323597.19845932705
29,0.08,0.8,327489.5609299251
30,0.09,0.2,172052.674272451
31,0.09,0.22,172480.31348509894
32,0.09,0.24,172979.11626585055
33,0.09,0.26,173567.0620993431
34,0.09,0.28,174232.85533240405
35,0.09,0.3,174975.55731596798
36,0.09,0.32,175789.12157485393
37,0.09,0.34,176667.6774793822
38,0.09,0.37,178108.7161416252
39,0.09,0.39,179153.04665380373
40,0.09,0.41,180250.98767323376
41,0.09,0.43,181395.92566721648
42,0.09,0.45,182612.2195169545
43,0.09,0.47,184304.84690056051
44,0.09,0.49,187020.26256010693
45,0.09,0.51,190668.58804056607
46,0.09,0.53,195286.42097246822
47,0.09,0.55,200454.30259428752
48,0.09,0.57,205851.64499812835
49,0.09,0.59,211613.4927371836
50,0.09,0.61,218166.26657500662
51,0.09,0.63,225877.39646776346
52,0.09,0.66,239969.9588118154
53,0.09,0.68,251074.9494988139
54,0.09,0.7,263002.36667097977
55,0.09,0.72,275219.27915022656
56,0.09,0.74,286865.9063654672
57,0.09,0.76,296610.42066310445
58,0.09,0.78,303889.13288925646
59,0.09,0.8,308774.19359526836
60,0.1,0.2,172241.18972985298
61,0.1,0.22,172580.43566323284
62,0.1,0.24,173022.99154795983
63,0.1,0.26,173533.3628673903
64,0.1,0.28,174130.8393725997
65,0.1,0.3,174803.7628912639
66,0.1,0.32,175550.52441020444
67,0.1,0.34,176365.55797527946
68,0.1,0.37,177709.5900509486
69,0.1,0.39,178683.4976699095
70,0.1,0.41,179711.0431271823
71,0.1,0.43,180789.08281199075
72,0.1,0.45,181929.78811039164
73,0.1,0.47,183184.42237905416
74,0.1,0.49,184975.90428941598
75,0.1,0.51,187704.57161523038
76,0.1,0.53,191162.35936615543
77,0.1,0.55,195420.01809202103
78,0.1,0.57,200158.61247276032
79,0.1,0.59,205379.7071115703
80,0.1,0.61,211346.30841096878
81,0.1,0.63,218247.64385136624
82,0.1,0.66,230672.01204944748
83,0.1,0.68,240308.59716787844
84,0.1,0.7,250597.07164786351
85,0.1,0.72,261112.8272937769
86,0.1,0.74,271301.5069034941
87,0.1,0.76,280134.84366980294
88,0.1,0.78,287268.9539211312
89,0.1,0.8,292760.63537036197
90,0.1,0.2,172241.18972985298
91,0.1,0.22,172580.43566323284
92,0.1,0.24,173022.99154795983
93,0.1,0.26,173533.3628673903
94,0.1,0.28,174130.8393725997
95,0.1,0.3,174803.7628912639
96,0.1,0.32,175550.52441020444
97,0.1,0.34,176365.55797527946
98,0.1,0.37,177709.5900509486
99,0.1,0.39,178683.4976699095
100,0.1,0.41,179711.0431271823
101,0.1,0.43,180789.08281199075
102,0.1,0.45,181929.78811039164
103,0.1,0.47,183184.42237905416
104,0.1,0.49,184975.90428941598
105,0.1,0.51,187704.57161523038
106,0.1,0.53,191162.35936615543
107,0.1,0.55,195420.01809202103
108,0.1,0.57,200158.61247276032
109,0.1,0.59,205379.7071115703
110,0.1,0.61,211346.30841096878
111,0.1,0.63,218247.64385136624
112,0.1,0.66,230672.01204944748
113,0.1,0.68,240308.59716787844
114,0.1,0.7,250597.07164786351
115,0.1,0.72,261112.8272937769
116,0.1,0.74,271301.5069034941
117,0.1,0.76,280134.84366980294
118,0.1,0.78,287268.9539211312
119,0.1,0.8,292760.63537036197
120,0.11,0.2,172456.93708161893
121,0.11,0.22,172750.0984240867
122,0.11,0.24,173108.93333872885
123,0.11,0.26,173564.56647768978
124,0.11,0.28,174086.30530453197
125,0.11,0.3,174692.4109312119
126,0.11,0.32,175371.86448957256
127,0.11,0.34,176122.34171935063
128,0.11,0.37,177372.63503869038
129,0.11,0.39,178282.72554815796
130,0.11,0.41,179246.2683282711
131,0.11,0.43,180261.28214777415
132,0.11,0.45,181335.96758606657
133,0.11,0.47,182490.71791004378
134,0.11,0.49,183782.0731847648
135,0.11,0.51,185602.63008973186
136,0.11,0.53,188275.9953406384
137,0.11,0.55,191498.98456861582
138,0.11,0.57,195505.94893231164
139,0.11,0.59,200134.52534460006
140,0.11,0.61,205486.56061723654
141,0.11,0.63,211667.55457082274
142,0.11,0.66,222666.8769656883
143,0.11,0.68,231069.968169173
144,0.11,0.7,240044.04556538345
145,0.11,0.72,249169.81755294054
146,0.11,0.74,258129.20092110263
147,0.11,0.76,266192.8532758022
148,0.11,0.78,273103.91292520403
149,0.11,0.8,278922.9222804105
150,0.12,0.2,172693.85680712425
151,0.12,0.22,172955.76335085477
152,0.12,0.24,173258.58137611343
153,0.12,0.26,173637.81598008066
154,0.12,0.28,174105.07153136333
155,0.12,0.3,174637.90546435726
156,0.12,0.32,175251.69969571795
157,0.12,0.34,175937.325163844
158,0.12,0.37,177093.95468304396
159,0.12,0.39,177943.406410046
160,0.12,0.41,178847.52744436983
161,0.12,0.43,179803.1965901089
162,0.12,0.45,180815.74889918845
163,0.12,0.47,181897.9459110919
164,0.12,0.49,183059.34186869726
165,0.12,0.51,184357.1823456832
166,0.12,0.53,186175.9882833584
167,0.12,0.55,188725.39212037608
168,0.12,0.57,191817.2932158311
169,0.12,0.59,195785.37306973047
170,0.12,0.61,200515.0595711736
171,0.12,0.63,206015.14122600158
172,0.12,0.66,215754.70054889377
173,0.12,0.68,223149.86618265373
174,0.12,0.7,231020.37718660047
175,0.12,0.72,239086.92037592456
176,0.12,0.74,246948.9235658864
177,0.12,0.76,254320.26814730925
178,0.12,0.78,260936.36364945277
179,0.12,0.8,266877.1010844342
180,0.13,0.2,172956.99420106946
181,0.13,0.22,173181.45703008331
182,0.13,0.24,173455.1599070543
183,0.13,0.26,173766.56589976719
184,0.13,0.28,174166.696720985
185,0.13,0.3,174644.37171568145
186,0.13,0.32,175187.9867812129
187,0.13,0.34,175808.79969819164
188,0.13,0.37,176871.80250084426
189,0.13,0.39,177661.2663317637
190,0.13,0.41,178508.2145672847
191,0.13,0.43,179407.69057471715
192,0.13,0.45,180361.7459087294
193,0.13,0.47,181378.06784853595
194,0.13,0.49,182462.2111708639
195,0.13,0.51,183604.19248367214
196,0.13,0.53,184889.66456881096
197,0.13,0.55,186691.28550564166
198,0.13,0.57,189156.60727966257
199,0.13,0.59,192281.30569190715
200,0.13,0.61,196362.35246866615
201,0.13,0.63,201198.27826217815
202,0.13,0.66,209803.64241516372
203,0.13,0.68,216337.14414249852
204,0.13,0.7,223301.64162240337
205,0.13,0.72,230481.39346363622
206,0.13,0.74,237508.0528352873
207,0.13,0.76,244158.42089480994
208,0.13,0.78,250428.53447327018
209,0.13,0.8,256336.69627175265
210,0.14,0.2,173255.1288670292
211,0.14,0.22,173431.36579698566
212,0.14,0.24,173670.72592082282
213,0.14,0.26,173954.76853615907
214,0.14,0.28,174276.72816159402
215,0.14,0.3,174695.39984435003
216,0.14,0.32,175182.3607593989
217,0.14,0.34,175736.70107543017
218,0.14,0.37,176705.2346197248
219,0.14,0.39,177434.41262920044
220,0.14,0.41,178224.18638309545
221,0.14,0.43,179069.2213368078
222,0.14,0.45,179967.84418948513
223,0.14,0.47,180923.8275918114
224,0.14,0.49,181939.82434797802
225,0.14,0.51,183008.65083291024
226,0.14,0.53,184117.29088932526
227,0.14,0.55,185397.12298723377
228,0.14,0.57,187207.1069694282
229,0.14,0.59,189697.73871760457
230,0.14,0.61,192976.03762926217
231,0.14,0.63,197146.53555327494
232,0.14,0.66,204706.54925877656
233,0.14,0.68,210480.24395379543
234,0.14,0.7,216664.10329697377
235,0.14,0.72,223087.1091869413
236,0.14,0.74,229438.24838207918
237,0.14,0.76,235470.8599498112
238,0.14,0.78,241329.31435391758
239,0.14,0.8,247084.33852498262
240,0.15,0.2,173616.30982067916
241,0.15,0.22,173712.21035759547
242,0.15,0.24,173908.9891063511
243,0.15,0.26,174161.19713372577
244,0.15,0.28,174454.3950375201
245,0.15,0.3,174790.73311624504
246,0.15,0.32,175223.7337669734
247,0.15,0.34,175719.2048730952
248,0.15,0.37,176593.57863118875
249,0.15,0.39,177261.85003573739
250,0.15,0.41,177993.72863666047
251,0.15,0.43,178783.97797487327
252,0.15,0.45,179629.2564325494
253,0.15,0.47,180529.06785926645
254,0.15,0.49,181483.96848497094
255,0.15,0.51,182488.1974650494
256,0.15,0.53,183533.0109985821
257,0.15,0.55,184613.45739318113
258,0.15,0.57,185912.24473273868
259,0.15,0.59,187828.90854923625
260,0.15,0.61,190392.82642786735
261,0.15,0.63,193812.67335489442
262,0.15,0.66,200376.79140118853
263,0.15,0.68,205465.33059539643
264,0.15,0.7,210959.91899836194
265,0.15,0.72,216716.18740927972
266,0.15,0.74,222473.2676679266
267,0.15,0.76,228056.0979161536
268,0.15,0.78,233454.3836557749
269,0.15,0.8,238955.53738455262
270,0.15,0.2,173616.30982067916
271,0.15,0.22,173712.21035759547
272,0.15,0.24,173908.9891063511
273,0.15,0.26,174161.19713372577
274,0.15,0.28,174454.3950375201
275,0.15,0.3,174790.73311624504
276,0.15,0.32,175223.7337669734
277,0.15,0.34,175719.2048730952
278,0.15,0.37,176593.57863118875
279,0.15,0.39,177261.85003573739
280,0.15,0.41,177993.72863666047
281,0.15,0.43,178783.97797487327
282,0.15,0.45,179629.2564325494
283,0.15,0.47,180529.06785926645
284,0.15,0.49,181483.96848497094
285,0.15,0.51,182488.1974650494
286,0.15,0.53,183533.0109985821
287,0.15,0.55,184613.45739318113
288,0.15,0.57,185912.24473273868
289,0.15,0.59,187828.90854923625
290,0.15,0.61,190392.82642786735
291,0.15,0.63,193812.67335489442
292,0.15,0.66,200376.79140118853
293,0.15,0.68,205465.33059539643
294,0.15,0.7,210959.91899836194
295,0.15,0.72,216716.18740927972
296,0.15,0.74,222473.2676679266
297,0.15,0.76,228056.0979161536
298,0.15,0.78,233454.3836557749
299,0.15,0.8,238955.53738455262
300,0.16,0.2,174033.11860169118
301,0.16,0.22,174038.37813502495
302,0.16,0.24,174175.27966444314
303,0.16,0.26,174388.97375183317
304,0.16,0.28,174652.44640396207
305,0.16,0.3,174953.91484528486
306,0.16,0.32,175306.32211368368
307,0.16,0.34,175751.6658639386
308,0.16,0.37,176532.83682523703
309,0.16,0.39,177142.4270799705
310,0.16,0.41,177815.91927830782
311,0.16,0.43,178550.5279955293
312,0.16,0.45,179342.55316588923
313,0.16,0.47,180189.04384070702
314,0.16,0.49,181087.85555302908
315,0.16,0.51,182034.05979666725
316,0.16,0.53,183021.35512631384
317,0.16,0.55,184045.53587921322
318,0.16,0.57,185127.90950941798
319,0.16,0.59,186523.89010459348
320,0.16,0.61,188561.21959206843
321,0.16,0.63,191200.64535185118
322,0.16,0.66,196747.4967218519
323,0.16,0.68,201200.81922564225
324,0.16,0.7,206072.83658671813
325,0.16,0.72,211230.7312313216
326,0.16,0.74,216455.00976315947
327,0.16,0.76,221618.04159673353
328,0.16,0.78,226696.68065370806
329,0.16,0.8,231825.85107337378
330,0.17,0.2,174449.9360245475
331,0.17,0.22,174444.29946798607
332,0.17,0.24,174479.5606240707
333,0.17,0.26,174642.6608691013
334,0.17,0.28,174870.81156027725
335,0.17,0.3,175144.24098675567
336,0.17,0.32,175453.18236741755
337,0.17,0.34,175822.95944780175
338,0.17,0.37,176528.26801028076
339,0.17,0.39,177073.9938573183
340,0.17,0.41,177689.42982477284
341,0.17,0.43,178368.0801734049
342,0.17,0.45,179105.99746364125
343,0.17,0.47,179900.15871104973
344,0.17,0.49,180746.3032645425
345,0.17,0.51,181639.0668820539
346,0.17,0.53,182573.48698146825
347,0.17,0.55,183546.56592081228
348,0.17,0.57,184589.15260498432
349,0.17,0.59,185727.3544637442
350,0.17,0.61,187215.11952590413
351,0.17,0.63,189366.69945926257
352,0.17,0.66,193776.4057270521
353,0.17,0.68,197615.1771621979
354,0.17,0.7,201909.24891409746
355,0.17,0.72,206519.47719893826
356,0.17,0.74,211256.74095241175
357,0.17,0.76,216021.64918608445
358,0.17,0.78,220798.0431972087
359,0.17,0.8,225637.43378788975
360,0.18,0.2,174866.76199621893
361,0.18,0.22,174861.12446670837
362,0.18,0.24,174855.48762118295
363,0.18,0.26,174929.78685008796
364,0.18,0.28,175113.34089268348
365,0.18,0.3,175354.02711820212
366,0.18,0.32,175636.39942362194
367,0.18,0.34,175952.20175226958
368,0.18,0.37,176565.9647954062
369,0.18,0.39,177058.6474148203
370,0.18,0.41,177614.09135062274
371,0.18,0.43,178235.34457868984
372,0.18,0.45,178918.8890549728
373,0.18,0.47,179660.3156649575
374,0.18,0.49,180455.41951927703
375,0.18,0.51,181297.86275975552
376,0.18,0.53,182182.6539681877
377,0.18,0.55,183113.27683321477
378,0.18,0.57,184121.922848987
379,0.18,0.59,185199.2502798721
380,0.18,0.61,186391.07425677267
381,0.18,0.63,187988.34597229288
382,0.18,0.66,191484.33992770847
383,0.18,0.68,194660.28299095677
384,0.18,0.7,198396.01172020612
385,0.18,0.72,202492.88859736826
386,0.18,0.74,206775.13389527833
387,0.18,0.76,211158.72720879212
388,0.18,0.78,215627.26406377708
389,0.18,0.8,220214.16616008393
390,0.19,0.2,175283.59642288697
391,0.19,0.22,175277.9579457429
392,0.19,0.24,175272.32014698038
393,0.19,0.26,175268.67298811112
394,0.19,0.28,175386.0968200197
395,0.19,0.3,175586.56521744488
396,0.19,0.32,175838.3059650838
397,0.19,0.34,176128.8183956298
398,0.19,0.37,176643.43864451756
399,0.19,0.39,177088.4423203734
400,0.19,0.41,177588.10644131296
401,0.19,0.43,178153.27185943033
402,0.19,0.45,178780.7388326013
403,0.19,0.47,179468.90411909626
404,0.19,0.49,180212.70715733815
405,0.19,0.51,181006.49716867603
406,0.19,0.53,181843.97477874762
407,0.19,0.55,182740.59945683295
408,0.19,0.57,183713.37441625458
409,0.19,0.59,184750.81096198928
410,0.19,0.61,185857.40290828585
411,0.19,0.63,187111.18214996211
412,0.19,0.66,189872.10390622044
413,0.19,0.68,192328.82545619577
414,0.19,0.7,195481.74915105768
415,0.19,0.72,199080.61287486675
416,0.19,0.74,202928.18445250313
417,0.19,0.76,206941.34618429956
418,0.19,0.78,211097.78390679823
419,0.19,0.8,215415.61307449744
420,0.2,0.2,175700.4392098929
421,0.2,0.22,175694.79981099308
422,0.2,0.24,175689.16108580455
423,0.2,0.26,175683.52302766018
424,0.2,0.28,175700.9575399413
425,0.2,0.3,175846.88643011393
426,0.2,0.32,176061.80108314005
427,0.2,0.34,176323.46062796775
428,0.2,0.37,176781.89073038686
429,0.2,0.39,177155.76819570662
430,0.2,0.41,177610.68251656677
431,0.2,0.43,178117.02694190174
432,0.2,0.45,178691.81307230092
433,0.2,0.47,179325.27377850973
434,0.2,0.49,180017.3721812422
435,0.2,0.51,180762.11173813033
436,0.2,0.53,181553.66503901468
437,0.2,0.55,182421.64903378388
438,0.2,0.57,183358.5217248128
439,0.2,0.59,184357.01054613452
440,0.2,0.61,185419.2993419784
441,0.2,0.63,186550.60798399666
442,0.2,0.66,188661.2034349169
443,0.2,0.68,190686.78498375765
444,0.2,0.7,193146.0338712533
445,0.2,0.72,196231.19111525966
446,0.2,0.74,199650.80365316305
447,0.2,0.76,203298.45103013283
448,0.2,0.78,207139.05971442675
449,0.2,0.8,211176.5820466166
450,0.2,0.2,175700.4392098929
451,0.2,0.22,175694.79981099308
452,0.2,0.24,175689.16108580455
453,0.2,0.26,175683.52302766018
454,0.2,0.28,175700.9575399413
455,0.2,0.3,175846.88643011393
456,0.2,0.32,176061.80108314005
457,0.2,0.34,176323.46062796775
458,0.2,0.37,176781.89073038686
459,0.2,0.39,177155.76819570662
460,0.2,0.41,177610.68251656677
461,0.2,0.43,178117.02694190174
462,0.2,0.45,178691.81307230092
463,0.2,0.47,179325.27377850973
464,0.2,0.49,180017.3721812422
465,0.2,0.51,180762.11173813033
466,0.2,0.53,181553.66503901468
467,0.2,0.55,182421.64903378388
468,0.2,0.57,183358.5217248128
469,0.2,0.59,184357.01054613452
470,0.2,0.61,185419.2993419784
471,0.2,0.63,186550.60798399666
472,0.2,0.66,188661.2034349169
473,0.2,0.68,190686.78498375765
474,0.2,0.7,193146.0338712533
475,0.2,0.72,196231.19111525966
476,0.2,0.74,199650.80365316305
477,0.2,0.76,203298.45103013283
478,0.2,0.78,207139.05971442675
479,0.2,0.8,211176.5820466166
480,0.21,0.2,176117.29026172054
481,0.21,0.22,176111.64996741628
482,0.21,0.24,176106.0103424604
483,0.21,0.26,176100.3713835849
484,0.21,0.28,176094.73310535037
485,0.21,0.3,176143.8037910216
486,0.21,0.32,176311.15158086858
487,0.21,0.34,176538.6684906868
488,0.21,0.37,176957.80996328604
489,0.21,0.39,177277.355442087
490,0.21,0.41,177668.92791905088
491,0.21,0.43,178132.7015395365
492,0.21,0.45,178647.192792377
493,0.21,0.47,179229.70375362688
494,0.21,0.49,179868.69457798664
495,0.21,0.51,180563.60726382886
496,0.21,0.53,181316.2132684325
497,0.21,0.55,182152.22819486787
498,0.21,0.57,183053.30363578317
499,0.21,0.59,184013.76022614646
500,0.21,0.61,185033.81709573718
501,0.21,0.63,186115.8643858748
502,0.21,0.66,187895.80182117547
503,0.21,0.68,189446.0211720035
504,0.21,0.7,191464.1907129776
505,0.21,0.72,193918.21339808966
506,0.21,0.74,196894.50622596208
507,0.21,0.76,200173.4509037336
508,0.21,0.78,203693.13868016913
509,0.21,0.8,207441.8404307554
510,0.22,0.2,176534.149481985
511,0.22,0.22,176528.50831907842
512,0.22,0.24,176522.86782116495
513,0.22,0.26,176517.2279865225
514,0.22,0.28,176511.58882361665
515,0.22,0.3,176505.95034267716
516,0.22,0.32,176593.29180718263
517,0.22,0.34,176778.19514015852
518,0.22,0.37,177151.85520440715
519,0.22,0.39,177447.52436865683
520,0.22,0.41,177773.54337790955
521,0.22,0.43,178182.62715320277
522,0.22,0.45,178654.56167370177
523,0.22,0.47,179177.6871228105
524,0.22,0.49,179766.68018208464
525,0.22,0.51,180410.55874615835
526,0.22,0.53,181128.30009559199
527,0.22,0.55,181929.18000931517
528,0.22,0.57,182794.45430001017
529,0.22,0.59,183717.72885807673
530,0.22,0.61,184697.3818245905
531,0.22,0.63,185733.8432045318
532,0.22,0.66,187390.54368408665
533,0.22,0.68,188627.4810349309
534,0.22,0.7,190212.8156307174
535,0.22,0.72,192196.81766245072
536,0.22,0.74,194630.95198682646
537,0.22,0.76,197523.68923632643
538,0.22,0.78,200713.2499902466
539,0.22,0.8,204165.91334236102
540,0.23,0.2,176951.01677340982
541,0.23,0.22,176945.3747691477
542,0.23,0.24,176939.73342540875
543,0.23,0.26,176934.09274107084
544,0.23,0.28,176928.45272027084
545,0.23,0.3,176922.81336043228
546,0.23,0.32,176923.87499586534
547,0.23,0.34,177047.6731816747
548,0.23,0.37,177366.68100833448
549,0.23,0.39,177635.2553919055
550,0.23,0.41,177937.48892481375
551,0.23,0.43,178274.52005905367
552,0.23,0.45,178696.9319023015
553,0.23,0.47,179176.17974136546
554,0.23,0.49,179708.18632979432
555,0.23,0.51,180303.47580721177
556,0.23,0.53,180987.76662075002
557,0.23,0.55,181750.67168461214
558,0.23,0.57,182579.4890571173
559,0.23,0.59,183465.93161419392
560,0.23,0.61,184406.53261147553
561,0.23,0.63,185400.06282256774
562,0.23,0.66,186982.95065849577
563,0.23,0.68,188091.66758724125
564,0.23,0.7,189343.75587183278
565,0.23,0.72,190952.5385904402
566,0.23,0.74,192879.0029309284
567,0.23,0.76,195321.73618702593
568,0.23,0.78,198163.88281858448
569,0.23,0.8,201310.508552062
570,0.24,0.2,177367.89203782714
571,0.24,0.22,177362.24921990823
572,0.24,0.24,177356.60705788335
573,0.24,0.26,177350.9655508057
574,0.24,0.28,177345.324700154
575,0.24,0.3,177339.6844997287
576,0.24,0.32,177334.04488817437
577,0.24,0.34,177358.0473370156
578,0.24,0.37,177605.85106052607
579,0.24,0.39,177842.84051270437
580,0.24,0.41,178119.2677762383
581,0.24,0.43,178427.59321962818
582,0.24,0.45,178778.12161485048
583,0.24,0.47,179211.64534452392
584,0.24,0.49,179697.62545569031
585,0.24,0.51,180247.3764287965
586,0.24,0.53,180892.73906828873
587,0.24,0.55,181615.96947471233
588,0.24,0.57,182406.4918117613
589,0.24,0.59,183255.99531524655
590,0.24,0.61,184158.6757350666
591,0.24,0.63,185111.43727374272
592,0.24,0.66,186625.93852388716
593,0.24,0.68,187683.90856490083
594,0.24,0.7,188779.26360174787
595,0.24,0.72,190038.03823865153
596,0.24,0.74,191653.96125975414
597,0.24,0.76,193569.14328102735
598,0.24,0.78,196020.3093718482
599,0.24,0.8,198847.69075039888
600,0.25,0.2,177784.77517615908
601,0.25,0.22,177779.13157274522
602,0.25,0.24,177773.48862042316
603,0.25,0.26,177767.84631826924
604,0.25,0.28,177762.2046663
605,0.25,0.3,177756.56365846354
606,0.25,0.32,177750.92326264933
607,0.25,0.34,177745.2835083101
608,0.25,0.37,177874.96202925508
609,0.25,0.39,178073.49733576778
610,0.25,0.41,178320.17530712992
611,0.25,0.43,178603.87647630766
612,0.25,0.45,178917.8705982421
613,0.25,0.47,179283.43208089055
614,0.25,0.49,179726.63722250663
615,0.25,0.51,180239.43246293755
616,0.25,0.53,180843.27960923224
617,0.25,0.55,181524.11010255344
618,0.25,0.57,182274.6301413837
619,0.25,0.59,183086.0844760932
620,0.25,0.61,183951.1834389103
621,0.25,0.63,184864.71881082284
622,0.25,0.66,186315.3582881388
623,0.25,0.68,187327.74933793198
624,0.25,0.7,188369.5400213036
625,0.25,0.72,189452.1998304126
626,0.25,0.74,190717.96768274953
627,0.25,0.76,192334.60777173605
628,0.25,0.78,194288.54998437816
629,0.25,0.8,196801.16996309505
630,0.25,0.2,177784.77517615908
631,0.25,0.22,177779.13157274522
632,0.25,0.24,177773.48862042316
633,0.25,0.26,177767.84631826924
634,0.25,0.28,177762.2046663
635,0.25,0.3,177756.56365846354
636,0.25,0.32,177750.92326264933
637,0.25,0.34,177745.2835083101
638,0.25,0.37,177874.96202925508
639,0.25,0.39,178073.49733576778
640,0.25,0.41,178320.17530712992
641,0.25,0.43,178603.87647630766
642,0.25,0.45,178917.8705982421
643,0.25,0.47,179283.43208089055
644,0.25,0.49,179726.63722250663
645,0.25,0.51,180239.43246293755
646,0.25,0.53,180843.27960923224
647,0.25,0.55,181524.11010255344
648,0.25,0.57,182274.6301413837
649,0.25,0.59,183086.0844760932
650,0.25,0.61,183951.1834389103
651,0.25,0.63,184864.71881082284
652,0.25,0.66,186315.3582881388
653,0.25,0.68,187327.74933793198
654,0.25,0.7,188369.5400213036
655,0.25,0.72,189452.1998304126
656,0.25,0.74,190717.96768274953
657,0.25,0.76,192334.60777173605
658,0.25,0.78,194288.54998437816
659,0.25,0.8,196801.16996309505
660,0.26,0.2,178201.66608841074
661,0.26,0.22,178196.02172813186
662,0.26,0.24,178190.37801398014
663,0.26,0.26,178184.73494500265
664,0.26,0.28,178179.09252051098
665,0.26,0.3,178173.45073576053
666,0.26,0.32,178167.8095753837
667,0.26,0.34,178162.1690745082
668,0.26,0.37,178184.69299230725
669,0.26,0.39,178331.92420099626
670,0.26,0.41,178543.03788144948
671,0.26,0.43,178798.59103882994
672,0.26,0.45,179089.01875071044
673,0.26,0.47,179408.36473704592
674,0.26,0.49,179791.89371130778
675,0.26,0.51,180277.0154852431
676,0.26,0.53,180834.62611321328
677,0.26,0.55,181474.7614604588
678,0.26,0.57,182183.18333578797
679,0.26,0.59,182955.08424055326
680,0.26,0.61,183782.17701770685
681,0.26,0.63,184657.36583582324
682,0.26,0.66,186047.289921618
683,0.26,0.68,187017.09155086218
684,0.26,0.7,188015.25263830554
685,0.26,0.72,189036.760695953
686,0.26,0.74,190106.85871511564
687,0.26,0.76,191418.87043471367
688,0.26,0.78,193082.8647264823
689,0.26,0.8,195152.84256709143
690,0.27,0.2,178618.56467365246
691,0.27,0.22,178612.91958562296
692,0.27,0.24,178607.27513859156
693,0.27,0.26,178601.631331573
694,0.27,0.28,178595.98816359777
695,0.27,0.3,178590.34563127861
696,0.27,0.32,178584.70372813215
697,0.27,0.34,178579.06248414767
698,0.27,0.37,178570.60213729934
699,0.27,0.39,178626.35761011147
700,0.27,0.41,178791.90362942885
701,0.27,0.43,179014.2608144695
702,0.27,0.45,179277.9320282976
703,0.27,0.47,179574.63977850272
704,0.27,0.49,179907.70889651563
705,0.27,0.51,180348.46276597743
706,0.27,0.53,180872.46953043004
707,0.27,0.55,181463.85760918082
708,0.27,0.57,182131.20833845757
709,0.27,0.59,182862.070684008
710,0.27,0.61,183649.8820208178
711,0.27,0.63,184486.99521714557
712,0.27,0.66,185818.2437927781
713,0.27,0.68,186747.42955003507
714,0.27,0.7,187704.1220291241
715,0.27,0.72,188691.06023147903
716,0.27,0.74,189732.77183015892
717,0.27,0.76,190856.90703673556
718,0.27,0.78,192243.44734054222
719,0.27,0.8,193932.29510267547
720,0.28,0.2,179035.470830009
721,0.28,0.22,179029.82504384202
722,0.28,0.24,179024.1798933699
723,0.28,0.26,179018.53537759866
724,0.28,0.28,179012.89149548084
725,0.28,0.3,179007.24824468177
726,0.28,0.32,179001.6056229814
727,0.28,0.34,178995.96365229264
728,0.28,0.37,178987.50205376223
729,0.28,0.39,178981.86164921257
730,0.28,0.41,179073.3802656326
731,0.28,0.43,179254.44085787033
732,0.28,0.45,179486.94966974214
733,0.28,0.47,179758.1520702252
734,0.28,0.49,180079.06977872233
735,0.28,0.51,180458.63417777405
736,0.28,0.53,180942.13115600563
737,0.28,0.55,181495.38449270892
738,0.28,0.57,182116.81213284042
739,0.28,0.59,182805.58372607903
740,0.28,0.61,183553.36538327343
741,0.28,0.63,184351.55851204597
742,0.28,0.66,185625.22035036917
743,0.28,0.68,186515.0408936416
744,0.28,0.7,187461.93851418898
745,0.28,0.72,188457.4496950229
746,0.28,0.74,189484.8559837788
747,0.28,0.76,190534.78958910826
748,0.28,0.78,191680.31135345227
749,0.28,0.8,193112.3670034261
750,0.29,0.2,179452.38445464917
751,0.29,0.22,179446.7380004658
752,0.29,0.24,179441.09217649262
753,0.29,0.26,179435.4469817547
754,0.29,0.28,179429.80241520883
755,0.29,0.3,179424.15847522375
756,0.29,0.32,179418.5151613308
757,0.29,0.34,179412.87248788774
758,0.29,0.37,179404.40973356712
759,0.29,0.39,179398.7685250919
760,0.29,0.41,179401.9811198565
761,0.29,0.43,179524.6155808247
762,0.29,0.45,179719.18865239763
763,0.29,0.47,179963.58497807663
764,0.29,0.49,180268.9689675695
765,0.29,0.51,180623.22386239297
766,0.29,0.53,181044.99557272877
767,0.29,0.55,181561.3542717735
768,0.29,0.57,182138.02010437072
769,0.29,0.59,182785.59333554204
770,0.29,0.61,183491.19902004508
771,0.29,0.63,184249.2586840764
772,0.29,0.66,185483.21792032372
773,0.29,0.68,186386.05888408292
774,0.29,0.7,187331.48749954015
775,0.29,0.72,188307.80663360562
776,0.29,0.74,189305.66558233032
777,0.29,0.76,190318.82201707762
778,0.29,0.78,191348.39943506249
779,0.29,0.8,192498.05555197832
780,0.3,0.2,179869.30544378265
781,0.3,0.22,179863.65835220407
782,0.3,0.24,179858.0118851871
783,0.3,0.26,179852.3660417678
784,0.3,0.28,179846.7208209487
785,0.3,0.3,179841.0762215122
786,0.3,0.32,179835.43224349708
787,0.3,0.34,179829.78889539905
788,0.3,0.37,179821.32506712046
789,0.3,0.39,179815.6831489108
790,0.3,0.41,179810.04133698222
791,0.3,0.43,179835.22493972952
792,0.3,0.45,179979.31918323357
793,0.3,0.47,180194.78453451424
794,0.3,0.49,180478.05359613363
795,0.3,0.51,180813.30618715202
796,0.3,0.53,181190.42305438564
797,0.3,0.55,181656.313885439
798,0.3,0.57,182198.0951468751
799,0.3,0.59,182797.36621200675
800,0.3,0.61,183462.15121729378
801,0.3,0.63,184210.19710408218
802,0.3,0.66,185459.92951932916
803,0.3,0.68,186348.9459042705
804,0.3,0.7,187267.66189499694
805,0.3,0.72,188214.03960220396
806,0.3,0.74,189194.9112249304
807,0.3,0.76,190193.25791572055
808,0.3,0.78,191202.6123656866
809,0.3,0.8,192234.64166519645
810,0.3,0.2,179869.30544378265
811,0.3,0.22,179863.65835220407
812,0.3,0.24,179858.0118851871
813,0.3,0.26,179852.3660417678
814,0.3,0.28,179846.7208209487
815,0.3,0.3,179841.0762215122
816,0.3,0.32,179835.43224349708
817,0.3,0.34,179829.78889539905
818,0.3,0.37,179821.32506712046
819,0.3,0.39,179815.6831489108
820,0.3,0.41,179810.04133698222
821,0.3,0.43,179835.22493972952
822,0.3,0.45,179979.31918323357
823,0.3,0.47,180194.78453451424
824,0.3,0.49,180478.05359613363
825,0.3,0.51,180813.30618715202
826,0.3,0.53,181190.42305438564
827,0.3,0.55,181656.313885439
828,0.3,0.57,182198.0951468751
829,0.3,0.59,182797.36621200675
830,0.3,0.61,183462.15121729378
831,0.3,0.63,184210.19710408218
832,0.3,0.66,185459.92951932916
833,0.3,0.68,186348.9459042705
834,0.3,0.7,187267.66189499694
835,0.3,0.72,188214.03960220396
836,0.3,0.74,189194.9112249304
837,0.3,0.76,190193.25791572055
838,0.3,0.78,191202.6123656866
839,0.3,0.8,192234.64166519645
840,0.31,0.2,180602.98369894017
841,0.31,0.22,180598.8992129234
842,0.31,0.24,180594.85356005165
843,0.31,0.26,180590.84763136852
844,0.31,0.28,180586.88213779745
845,0.31,0.3,180582.95830881523
846,0.31,0.32,180579.07872010022
847,0.31,0.34,180575.24947853142
848,0.31,0.37,180569.61256902653
849,0.31,0.39,180565.91601901883
850,0.31,0.41,180562.2303632704
851,0.31,0.43,180558.4981281329
852,0.31,0.45,180614.42818214904
853,0.31,0.47,180793.8782545102
854,0.31,0.49,181051.71887452196
855,0.31,0.51,181368.79184134994
856,0.31,0.53,181733.8923739908
857,0.31,0.55,182148.5010749884
858,0.31,0.57,182659.78591128398
859,0.31,0.59,183255.50443808574
860,0.31,0.61,183964.3361820637
861,0.31,0.63,184752.3179019707
862,0.31,0.66,185990.08437255037
863,0.31,0.68,186846.82818292375
864,0.31,0.7,187720.7274247903
865,0.31,0.72,188605.48950213578
866,0.31,0.74,189495.7452841972
867,0.31,0.76,190386.70835760178
868,0.31,0.78,191273.39894640245
869,0.31,0.8,192150.10551330884
870,0.32,0.2,183597.77746858675
871,0.32,0.22,183601.5256541514
872,0.32,0.24,183605.45508851105
873,0.32,0.26,183609.56062574958
874,0.32,0.28,183613.81569329835
875,0.32,0.3,183618.16813462638
876,0.32,0.32,183622.56974316057
877,0.32,0.34,183627.03498598133
878,0.32,0.37,183634.26766801035
879,0.32,0.39,183640.14501386738
880,0.32,0.41,183647.70908853918
881,0.32,0.43,183657.40107269434
882,0.32,0.45,183669.65340180497
883,0.32,0.47,183801.65796816588
884,0.32,0.49,184047.40447981344
885,0.32,0.51,184363.21672827227
886,0.32,0.53,184732.08908503686
887,0.32,0.55,185155.15384230044
888,0.32,0.57,185694.74867574658
889,0.32,0.59,186321.03601712416
890,0.32,0.61,186988.579729038
891,0.32,0.63,187670.44224944804
892,0.32,0.66,188731.97161042938
893,0.32,0.68,189462.08691616956
894,0.32,0.7,190206.26206522743
895,0.32,0.72,190961.45951397193
896,0.32,0.74,191725.12894141083
897,0.32,0.76,192495.41414665082
898,0.32,0.78,193271.4932055214
899,0.32,0.8,194053.336615907
